text_id,origin_type,title,original_title,author,translator,source_language,year,publisher,age_marker,genre,n_words
RUS-O-01,RUS-O,Автомобильчик,,Юлия Левданская,,Russian,2024,НИГМА,0+,prose,838
RUS-O-02,RUS-O,"Кораблик, который хотел летать",,Екатерина Филиппова,,Russian,2020,НИГМА,0+,prose,624
RUS-O-03,RUS-O,В сонном-сонном лесу…,,Ольга Хухлаева,,Russian,2020,Питер,0+,prose,5113
RUS-O-04,RUS-O,Добрая акула,,Елена Репетур,,Russian,2022,Альбус-корвус,0+,prose,396
RUS-O-05,RUS-O,Как лисичка у зайчика морковку воровала. История лесных зверей,,Алёна Хмельницкая,,Russian,2022,Альпина Паблишер,0+,prose,457
RUS-O-06,RUS-O,Лапин. Зима белого кролика,,Юлия Симбирская,,Russian,2021,"Манн, Иванов и Фербер",0+,prose,4865
RUS-O-07,RUS-O,"Обними меня! Сказка о том, как Обнимашка хотел спасти мир",,Анастасия Маркелова,,Russian,2023,Альпина Паблишер,0+,prose,1586
RUS-O-08,RUS-O,"Принц Филипп и добрый друг-шарик: Что делать, если потерял друга",,Максим Ильяхов,,Russian,2025,Альпина Паблишер,0+,prose,593
RUS-O-09,RUS-O,Принц Филипп и самая высокая ракета: Побеждаем страх неудачи,,Максим Ильяхов,,Russian,2025,Альпина Паблишер,0+,prose,781
RUS-O-10,RUS-O,Прицеп спасает грузовик,,Анастасия Орлова,,Russian,2024,РОСМЭН,0+,prose,2164
RUS-O-11,RUS-O,Новогодние сказки про Машу и Ойку,,Софья Прокофьева,,Russian,2021,АСТ,0+,prose,4239
RUS-O-12,RUS-O,Сказки доброты,,Жихарева Саша,,Russian,2020,АСТ,0+,prose,4839
RUS-O-13,RUS-O,Фасольки и друзья,,Ирина Лейк,,Russian,2026,Вимбо,0+,prose,5055
RUS-O-14,RUS-O,Верхом на облаке,,Александра Хворост,,Russian,2025,Феникс,0+,prose,596
RUS-O-15,RUS-O,Как непослушная мама сон потеряла,,Наталья Карпова,,Russian,2024,Феникс,0+,prose,601
RUS-O-16,RUS-O,"Жёлтый, Красный, Синий и другие",,Марина Аромштам,,Russian,2016,ВЕКТОР,0+,prose,440
RUS-O-17,RUS-O,Детский сад на колёсиках,,Зуля Стадник,,Russian,2023,Архипелаг,0+,prose,2296
RUS-O-18,RUS-O,Где водятся тракторозавры?,,Шевчук Игорь,,Russian,2022,Издательство «Детская и юношеская книга»,0+,prose,2809
RUS-O-19,RUS-O,Как же я люблю маму!,,Юлия Симбирская,,Russian,2025,Феникс,0+,prose,1812
RUS-O-20,RUS-O,Любимая семья лисёнка Елисея,,Анна Купырина,,Russian,2025,Феникс,0+,prose,3073
RUS-O-21,RUS-O,"Грузовик, прицеп и новогодняя елка",,Анастасия Орлова,,Russian,2018,РОСМЭН,0+,prose,1384
RUS-O-22,RUS-O,Едет мамин человечек,,Мария Рупасова,,Russian,2017,АСТ,0+,verse,886
RUS-O-23,RUS-O,Енотик находит друзей,,Ирина Зартайская,,Russian,2019,Феникс,0+,prose,3357
RUS-O-24,RUS-O,Мой любимый папочка,,"Буланова Софья Александровна, Николаева Тамара, Благов Владимир Иванович",,Russian,2021,Стрекоза,0+,prose,4916
RUS-O-25,RUS-O,Мой папа самый лучший,,Ирина Зартайская,,Russian,2019,ОНИКС-ЛИТ,0+,prose,961
RUS-O-26,RUS-O,Пони Фиалка и волшебный колодец Сказка о доброте,,Анастасия Алешичева,,Russian,2015,Фактор,0+,prose,1460
RUS-O-27,RUS-O,Подарок для мышки,,Ирина Зартайская,,Russian,2022,НИГМА,0+,prose,529
RUS-O-28,RUS-O,Лисья сказка,,Дарья Герасимова,,Russian,2019,АСТ,0+,verse,1307
RUS-O-29,RUS-O,Приключения снегиря в Африке. Полезные сказки.,,"Кретова Кристина, Волкова Мария",,Russian,2020,Питер,0+,prose,640
RUS-O-30,RUS-O,Ашуни. Сказка с рябиновой ветки,,Екатерина Панфилова,,Russian,2018,Молодая мама,0+,prose,604
RUS-O-31,RUS-O,Весёлый пожарный,,Ирина Зартайская,,Russian,2017,НИГМА,0+,prose,554
RUS-O-32,RUS-O,Оркестр маленьких жучков,,Света Бень,,Russian,2018,Молодая мама,0+,verse,188
RUS-O-33,RUS-O,Поросенок Петр и сказочная башня,,Петрушевская Людмила Стефановна,,Russian,2020,РОСМЭН,0+,prose,570
RUS-O-34,RUS-O,Сказки Маленького Лисёнка,,Игорь Фарбаржевич,,Russian,2019,"Акварель, ООО «Книжная лаборатория»",0+,prose,3137
RUS-O-35,RUS-O,Приключения Джипчика,,Игорь Карде,,Russian,2017,Априори-пресс,0+,prose,2675
RUS-O-36,RUS-O,Рыжая долина,,Екатерина Андреевская,,Russian,2022,АСТ,0+,prose,669
RUS-O-37,RUS-O,Чай с росой и земляникой,,Галина Мальцева,,Russian,2023,Издательство «Детская и юношеская книга»,0+,prose,2251
RUS-O-38,RUS-O,"Лосёнок Вася, медвежонок Потап и Великая Сосна",,Светлана Макарьина,,Russian,2024,ПРОФДЕТЛИТ,0+,prose,1978
RUS-O-39,RUS-O,Би! Бо! Бу! Сонная история,,Островерхова Диана,,Russian,2020,РОСМЭН,0+,prose,1639
RUS-O-40,RUS-O,Самый счастливый дом,,Елена Фельдман,,Russian,2024,CLEVER,0+,prose,727
RUS-O-41,RUS-O,Маленькая лесная сказка,,Наталья Максимова,,Russian,2016,«Издательский центр «Москвоведение»,0+,prose,1182
RUS-O-42,RUS-O,Болтливая сорока,,Евгений Чарушин,,Russian,2018,Детское время,0+,prose,637
RUS-O-43,RUS-O,Детский сад на колёсиках. Средняя группа,,Зуля Стадник,,Russian,2022,Архипелаг,0+,prose,3143
RUS-O-44,RUS-O,Клубок в рыжую крапинку. Сказка из магазина шерсти,,Ольга Сафронова,,Russian,2021,НИГМА,0+,prose,836
RUS-O-45,RUS-O,Когда твоя мама волшебница,,Ремиш Наталья,,Russian,2024,"Манн, Иванов и Фербер",0+,prose,3612
RUS-O-46,RUS-O,Клубника бегает трусцой,,Ирина Козлова,,Russian,2022,Де'Либри,0+,prose,11461
RUS-O-47,RUS-O,На что ловятся котофеечки,,"Рина Зенюк, Игорь Шевчук",,Russian,2024,Детская литература,0+,prose,1225
RUS-O-48,RUS-O,Софи и малыш. Второй ребёнок в семье,,Татьяна Григорьян,,Russian,2021,Стрекоза,0+,prose,4830
RUS-O-49,RUS-O,Тропинки Никиты,,Наталья Евдокимова,,Russian,2020,Книжный дом Анастасии Орловой,0+,prose,942
RUS-O-50,RUS-O,Уважаемая фея,,Марина Яковлевна Бородицкая,,Russian,2025,Издательство «Абрикос»,0+,verse,1872
RUS-T-01,RUS-T,Когда я злюсь,Wenn ich wütend bin,Нанна Несхёфер,Мария Белова,German,2019,Альпина Паблишер,0+,prose,682
RUS-T-02,RUS-T,Мышонок Тим едет к бабушке : сказка,Topo Tip non vuole dormire dai nonni,Анна Казалис,Мария Мельниченко,Italian,2020,РОСМЭН,0+,prose,443
RUS-T-03,RUS-T,Робкий слонёнок. Быть как все,Climb,Ханна Пекхэм,Тася Егорова,English,2021,Азбука,0+,prose,611
RUS-T-04,RUS-T,Самая любимая мама. Стихи для детей,Ce Maman Qui T’aime Infiniment,"Капусин Левалль, Мод Легран",Евгения Перлова,French,2021,Альпина Паблишер,0+,verse,297
RUS-T-05,RUS-T,Якоб учится самостоятельности. 10 историй в одной книге,MEIN ERSTES VORLESEBUCH FÜRGROßE KLEINE JUNGS,"Сандра Гримм, Неле Бансер, Илона Айнвольт, Юлия Хофманн",Елена Привалова,German,2015,Альпина Паблишер,0+,prose,3819
RUS-T-06,RUS-T,Маленький вертолёт и смелость в сердце,"Hugo Hubschrauber – Kleiner Motor, großer Mut",Михаэль Энглер,Надежда Край,German,2024,Эксмо,0+,prose,897
RUS-T-07,RUS-T,Где же наш грузовичок?,"Hush, Little Trucker",Норман Ким,Налепина Дарья,English,2022,НИГМА,0+,verse,156
RUS-T-08,RUS-T,Один день в аэропорту,A day with the animal airport,Шерон Рентта,М. Пшеничная,English,2019,ЭНАС-КНИГА,0+,prose,569
RUS-T-09,RUS-T,Один день на поезде,A day with the Animal Railway,Шерон Рентта,М. Пшеничная,English,2017,ЭНАС-КНИГА,0+,prose,566
RUS-T-10,RUS-T,Полный порядок,,Эмили Граветт,Марина Бородицкая,English,2017,Издательство Лабиринт Пресс,0+,verse,235
RUS-T-11,RUS-T,Скупер и Дампер,,Линдси Уорд,Налепина Дарья,English,2020,НИГМА,0+,prose,612
RUS-T-12,RUS-T,Счастливый день с папой,,Пшемыслав Вехтерович,Гита Сташевская,Polish,2016,Речь,0+,prose,1329
RUS-T-13,RUS-T,Маленький красный автобус,DER KLEINE ROTE BUS — IN DER STADT,Дорис Айзенбургер,Владимир Налепин,German,2020,НИГМА,0+,prose,992
RUS-T-14,RUS-T,Маленький красный трактор и беспокойные соседи,Kleine Tractor leert delen,Натали Квинтарт,Надежда Край,Dutch,2023,Эксмо,0+,prose,699
RUS-T-15,RUS-T,"Мама, как же ты будешь дальше любить меня?",,Ховарт Хейди,,English,2019,Фолиант,0+,prose,756
RUS-T-16,RUS-T,Как Лисенок встречал Новый год,,Мотшиуниг Ульрике,Налепина Дарья,German,2016,НИГМА,0+,prose,1135
RUS-T-17,RUS-T,Дом,L'abri,Селин Клэр,Петрова Ася,French,2018,"Манн, Иванов и Фербер",0+,prose,434
RUS-T-18,RUS-T,Песня маленького филина,A T-Wit for a T-Woo,Чарли Фарли,Виктор Цатрян,English,2020,Редакция Вилли Винки,0+,verse,479
RUS-T-19,RUS-T,Мамина улыбка,UŚMIECH DLA ŻABKI,Вехтерович Пржемислав,Гита Сташевская,Polish,2017,Речь,0+,prose,806
RUS-T-20,RUS-T,Папы-мишки никогда нет рядом,,Ховарт Хейди,,English,2015,Фолиант,0+,prose,633
RUS-T-21,RUS-T,Маленький красный трактор и секрет настоящего счастья,"Treck, der kleine Traktor",Михаэль Энглер,Надежда Край,German,2021,Эксмо,0+,prose,1210
RUS-T-22,RUS-T,Мышонок Тим капризничает,Topo Tip non vuole andare all’asilo,Анна Казалис,Ксения Тименчик,Italian,2018,РОСМЭН,0+,prose,464
RUS-T-23,RUS-T,Фу!,Beurk!,Реми Мазель,Марианна Прангишвили,English,2021,РИПОЛ Классик,0+,prose,3062
RUS-T-24,RUS-T,Когда наступит Новый год?,Pikku hiiren joulu,Янтти Риика,Даровская Екатерина,Finnish,2017,Стрекоза,0+,prose,740
RUS-T-25,RUS-T,Новый год и самый лучший папа,Papa Bisous fête Noël,Карин-Мари Амьо,Елена Фельдман,French,2018,CLEVER,0+,prose,353
RUS-T-26,RUS-T,Стройка с самого утра,"Mighty, mighty construction site",Даски Ринкер Шерри,"Мария Галина, Аркадий Штыпель",English,2017,Карьера Пресс,0+,verse,413
RUS-T-27,RUS-T,"Спокойной ночи, экскаватор!","Gute Nacht, kleiner Bagger!",Наталия Мендес,Елена Фельдман,German,2021,CLEVER,0+,verse,225
RUS-T-28,RUS-T,Любви хватит на двоих,Love Enough for Two,Джейн Чапмен,Елена Фельдман,English,2017,CLEVER,0+,prose,606
RUS-T-29,RUS-T,Я люблю тебя всем сердцем,I love you with all my heart,Джейн Чапмен,Елена Фельдман,English,2020,CLEVER,0+,prose,568
RUS-T-30,RUS-T,Волшебная сказка о хвосте русалочки,,Беатрис Блю,А. Солянкина,English,2019,Феникс,0+,prose,499
RUS-T-31,RUS-T,Где медведь?,Where is bear?,Джонатан Бентли,Анна Ремез,English,2016,Поляндрия,0+,prose,85
RUS-T-32,RUS-T,Счастье кота Феличе,Gatto felice,Джованна Зоболи,Налепина Дарья,Italian,2017,НИГМА,0+,prose,1240
RUS-T-33,RUS-T,Мамино сокровище,Der größte Schatz der Welt,Андреа Шютце,Галина Эрли,German,2016,ЭНАС-КНИГА,0+,prose,1184
RUS-T-34,RUS-T,Бабушка и птица,GRANDMA BIRD,БЕНДЖИ ДЭВИС,Артём Андреев,English,2018,Поляндрия,0+,prose,369
RUS-T-35,RUS-T,Котёнок Шмяк — маленький почтальон,Splat the Cat Gets a Job!,Дрисколл Лора,Татьяна Покидаева,English,2025,CLEVER,0+,prose,473
RUS-T-36,RUS-T,Уроки льва,Lion Lessons,Джон Эйджи,Гиматова Юлия,English,2016,"Манн, Иванов и Фербер",0+,prose,337
RUS-T-37,RUS-T,Зачем быть честным? Усик и одна маленькая ложь,Le mensonge de trop pour Moustache,Армель Рену,Елена Кожина,French,2017,Эксмо,0+,prose,869
RUS-T-38,RUS-T,Я не люблю книжки. Вообще. Вот совсем. И точка.,I DON'T LIKE BOOKS NEVER. EVER. THE END.,Эмма Перри,Нат Аллунан,English,2019,Махаон,0+,prose,514
RUS-T-39,RUS-T,Музей чудо-машин,Tom's Magnificent Machines,Линда Сара,Дарья Седова,English,2018,Поляндрия,0+,prose,527
RUS-T-40,RUS-T,Настоящая бабушка,Une grand-mère formidable,Каролин Рок,Алина Попова,French,2019,Поляндрия,0+,prose,719
RUS-T-41,RUS-T,Папа онлайн,Papa est connecté,Филипп де Кемметер,Екатерина Животикова,French,2015,"Манн, Иванов и Фербер",0+,prose,458
RUS-T-42,RUS-T,Почитай мне книжку!,Lis-moi une histoire!,Бенедикт Карбонейл,Наталья Ерофеева,French,2017,ЭНАС-КНИГА,0+,prose,838
RUS-T-43,RUS-T,Принц и Свинтус,The Prince and the Porker,Питер Бентли,Марина Бородицкая,English,2015,"Манн, Иванов и Фербер",0+,verse,509
RUS-T-44,RUS-T,Теперь и навсегда,ADESSO E PER SEMPRE,Кьяра Лоренцони,Лорета Джику,Italian,2023,Лорета,0+,prose,398
RUS-T-45,RUS-T,Большое путешествие Горошка,,Давид Кали,Соня Штерн,French,2017,Самокат,0+,prose,254
RUS-T-46,RUS-T,Как мыши в поход ходили,Le monstre sur le lit,Каролин Рок,Галина Эрли,French,2018,ЭНАС-КНИГА,0+,prose,844
RUS-T-47,RUS-T,Малыш Ти-рекс и невероятные объятия,TINY T. REX,Джонатан Статцман,Мария Юнгер,English,2019,Гудвин,0+,prose,341
RUS-T-48,RUS-T,Медвежонок,The Little One,Джо Уивер,Степанов С. А.,English,2016,Поляндрия,0+,prose,166
RUS-T-49,RUS-T,Моя бабушка – супер!,Ma Super Grand-mère,Мари-Элиза Массон,Ася Петрова,French,2015,Поляндрия,0+,prose,81
RUS-T-50,RUS-T,Зигги и лунное представление,Ziggy and the Moonlight Show,Кристина Литтен,Артём Андреев,English,2018,Поляндрия,0+,prose,408
