text_id,origin_type,pages,n_chars,n_chars_no_spaces,n_words,n_unique_words,n_sentences,n_syllables,n_lex_words,n_lex_unique,avg_word_len,med_word_len,avg_syllables,n_monosyllabic,n_polysyllabic,fog_index,avg_sent_words,avg_sent_chars,med_sent_len,min_sent_len,max_sent_len,n_short_sents,n_long_sents,ttr,sttr,hapax_count,hapax_ratio,hapax_dis_ratio,yule_k,simpson_d,shannon_h,top1000_ratio,flesch_ru,flesch_kincaid,smog,coleman_liau,ari,avg_tree_depth,max_tree_depth,avg_dependents,predicate_coord_ratio,coord_any_ratio,sent_initial_conj_ratio,active_voice_ratio,passive_voice_ratio,past_tense_ratio,present_tense_ratio,future_tense_ratio,imperative_ratio,personal_pron_ratio,animate_noun_ratio,punct_dot_ratio,punct_comma_ratio,punct_excl_ratio,punct_quest_ratio,punct_ellipsis_ratio,punct_semicolon_ratio,punct_colon_ratio,punct_dash_ratio,punct_hyphen_ratio,punct_quote_open_ratio,punct_quote_close_ratio,punct_diversity,quest_sent_ratio,excl_sent_ratio,pos_adj_ratio,pos_propn_ratio,pos_adv_ratio,pos_verb_ratio,pos_adp_ratio,pos_noun_ratio,pos_sconj_ratio,pos_pron_ratio,pos_part_ratio,pos_cconj_ratio,pos_det_ratio,pos_aux_ratio,pos_num_ratio,pos_intj_ratio,pos_x_ratio
RUS-O-01,RUS-O,40,5837,4991,838,524,83,1832,461,305,5.548,5.0,2.186,308,290,17.881,10.096,69.337,10.0,1,26,15,2,0.6616,0.6616,231,0.5011,0.0933,153.9371,0.0138,7.8548,0.3556,11.652,14.142,13.238,16.289,11.67,4.221,9,0.91,0.376623,0.623,0.051948,0.7543,0.0514,0.6514,0.1657,0.0457,0.0114,0.0,0.2009,0.0835,0.1062,0.0251,0.0131,0.0,0.0,0.0048,0.0537,0.0084,0.0012,0.0012,0.818,0.1325,0.253,0.0763,0.0399,0.1021,0.2054,0.0986,0.2171,0.0164,0.081,0.0434,0.0657,0.0282,0.0211,0.0047,0.0,0.0
RUS-O-02,RUS-O,40,4152,3510,624,382,59,1283,364,221,5.208,5.0,2.056,241,202,17.179,10.576,69.051,11.0,2,22,12,3,0.6071,0.6071,170,0.467,0.0769,261.8702,0.0234,7.2752,0.3558,22.163,12.795,13.135,14.476,10.352,4.254,7,0.901,0.423729,0.729,0.118644,0.8361,0.0164,0.6311,0.1721,0.0,0.0246,0.0,0.3552,0.0769,0.0994,0.0176,0.0032,0.0,0.0,0.0064,0.0192,0.0112,0.0,0.0,0.636,0.0339,0.1864,0.0912,0.0802,0.0865,0.1918,0.1038,0.2075,0.0189,0.0566,0.044,0.0786,0.0283,0.0079,0.0047,0.0,0.0
RUS-O-03,RUS-O,61,32765,27308,5113,2242,597,10006,2747,1254,4.889,5.0,1.957,2092,1391,14.308,8.564,53.469,8.0,1,27,161,12,0.4565,0.5947,800,0.2912,0.067,89.0102,0.008,9.677,0.3681,32.58,10.843,11.361,12.148,8.008,3.855,9,0.894,0.266551,0.57,0.203833,0.7646,0.0235,0.5763,0.1742,0.0499,0.0207,0.0,0.3826,0.108,0.0945,0.0076,0.0074,0.0,0.0,0.0051,0.0,0.0135,0.0008,0.0008,0.727,0.0637,0.0653,0.0726,0.0272,0.1069,0.2023,0.0945,0.2137,0.0217,0.0994,0.0438,0.0705,0.029,0.0112,0.0063,0.001,0.0
RUS-O-04,RUS-O,25,2631,2212,396,270,44,799,208,155,4.975,5.0,2.018,156,116,15.317,9.0,58.386,8.0,2,24,9,1,0.7452,0.7452,133,0.6394,0.0577,202.7055,0.0182,6.9139,0.404,26.977,11.732,11.893,13.756,9.379,4.262,7,0.904,0.238095,0.619,0.238095,0.7654,0.0123,0.6173,0.1358,0.0494,0.0247,0.0,0.5165,0.0884,0.0833,0.0227,0.0025,0.0,0.0,0.0126,0.0303,0.0303,0.0152,0.0152,0.818,0.0227,0.2045,0.0929,0.0071,0.1048,0.1929,0.081,0.2095,0.0333,0.1048,0.0548,0.0738,0.0286,0.0119,0.0048,0.0,0.0
RUS-O-05,RUS-O,33,2843,2376,457,286,39,872,230,154,4.805,5.0,1.908,191,115,14.753,11.718,71.333,11.0,4,35,6,5,0.6696,0.6696,120,0.5217,0.087,209.1415,0.0178,6.9095,0.4114,33.524,11.494,12.405,12.245,8.917,4.342,10,0.915,0.447368,0.789,0.263158,0.809,0.0,0.6517,0.0787,0.0449,0.0112,0.0,0.2981,0.0744,0.0919,0.0131,0.0022,0.0,0.0,0.0,0.0088,0.0153,0.0022,0.0022,0.727,0.0256,0.1538,0.0809,0.0489,0.0851,0.1894,0.0915,0.1723,0.034,0.1085,0.0447,0.0872,0.0298,0.0149,0.0128,0.0,0.0
RUS-O-06,RUS-O,88,32765,27764,4865,2314,538,10069,2968,1393,5.238,5.0,2.07,1687,1472,15.72,9.043,59.903,8.0,0,34,183,34,0.4693,0.6021,878,0.2958,0.0906,157.041,0.0149,9.6691,0.3418,22.534,12.363,12.06,14.483,9.971,4.243,9,0.895,0.279545,0.532,0.088636,0.7405,0.0273,0.5221,0.209,0.0714,0.0263,0.0,0.273,0.0904,0.0962,0.0218,0.0123,0.0,0.0002,0.0041,0.0806,0.0092,0.0035,0.0035,0.909,0.1115,0.197,0.0963,0.0364,0.0787,0.1926,0.0971,0.2778,0.0275,0.0653,0.0362,0.0564,0.0198,0.0101,0.0042,0.0014,0.0
RUS-O-07,RUS-O,57,10366,8618,1586,815,181,3070,833,451,4.941,5.0,1.936,684,425,14.224,8.762,55.779,8.0,1,42,57,11,0.5414,0.5414,309,0.3709,0.0936,154.9648,0.0136,8.2963,0.3871,34.156,10.672,11.393,12.773,8.544,3.943,10,0.895,0.265823,0.538,0.170886,0.8042,0.012,0.6114,0.1958,0.0422,0.0151,0.0,0.2799,0.0889,0.1173,0.0277,0.0132,0.0076,0.0,0.0044,0.0939,0.0088,0.0013,0.0013,0.909,0.116,0.2431,0.0836,0.0316,0.0998,0.2057,0.0849,0.1964,0.0279,0.1084,0.0465,0.0669,0.0335,0.0074,0.0056,0.0019,0.0
RUS-O-08,RUS-O,31,3864,3246,593,358,72,1150,339,207,5.03,5.0,1.939,230,156,13.817,8.236,52.194,7.0,1,24,24,1,0.6106,0.6106,167,0.4926,0.059,377.1383,0.0348,7.0611,0.3761,34.436,10.502,11.062,12.792,8.47,3.912,7,0.894,0.323529,0.529,0.088235,0.7557,0.0,0.6794,0.084,0.0382,0.0153,0.0,0.4494,0.0927,0.0826,0.0337,0.0034,0.0034,0.0,0.0051,0.0304,0.0135,0.0084,0.0084,0.909,0.0278,0.2778,0.0805,0.0476,0.0936,0.2151,0.0952,0.2118,0.0213,0.1067,0.0279,0.0657,0.0213,0.0082,0.0049,0.0,0.0
RUS-O-09,RUS-O,32,5010,4195,781,450,83,1533,411,245,4.981,5.0,1.963,302,205,14.263,9.41,58.94,9.0,1,27,11,1,0.5961,0.5961,180,0.438,0.0973,294.2107,0.0268,7.3762,0.3969,31.214,11.243,11.608,12.638,8.574,4.026,6,0.908,0.315789,0.632,0.171053,0.7279,0.0272,0.6531,0.102,0.0204,0.0204,0.0,0.3827,0.0781,0.0948,0.0256,0.009,0.0,0.0,0.0115,0.0371,0.0077,0.0077,0.0077,0.818,0.0843,0.241,0.082,0.0404,0.1135,0.1854,0.0858,0.2068,0.0214,0.0971,0.0479,0.0719,0.0252,0.0177,0.0038,0.0013,0.0
RUS-O-10,RUS-O,49,15390,12882,2164,984,452,4432,1290,598,5.077,5.0,2.048,818,688,14.632,4.788,32.52,4.0,0,24,307,2,0.4636,0.5622,421,0.3264,0.0597,504.5805,0.0486,8.2285,0.3415,28.714,10.444,9.757,13.02,9.002,3.366,10,0.84,0.108586,0.371,0.161616,0.802,0.0245,0.3776,0.3551,0.0939,0.0816,0.0,0.1404,0.1335,0.0628,0.0665,0.0314,0.0106,0.0,0.0083,0.1317,0.0,0.0014,0.0014,0.818,0.1504,0.3164,0.0649,0.0679,0.0696,0.2106,0.0847,0.2505,0.0155,0.0997,0.0447,0.0623,0.0163,0.0021,0.0056,0.0056,0.0
RUS-O-11,RUS-O,74,27938,23385,4239,1703,669,8549,2531,953,4.997,5.0,2.017,1498,1210,13.952,6.336,40.318,6.0,1,24,305,3,0.3765,0.5065,527,0.2082,0.0747,376.5213,0.036,8.9716,0.2814,29.766,10.682,10.366,11.966,7.721,3.512,7,0.87,0.169492,0.398,0.069337,0.7998,0.0197,0.484,0.2482,0.0516,0.0455,0.0,0.3549,0.1264,0.1003,0.0418,0.0042,0.0005,0.0,0.0045,0.0,0.0094,0.0014,0.0012,0.818,0.0269,0.2646,0.1,0.1012,0.063,0.1885,0.0831,0.2068,0.013,0.082,0.0431,0.0438,0.0289,0.0104,0.0083,0.028,0.0
RUS-O-12,RUS-O,43,30001,25086,4839,2076,462,9327,2449,1216,4.857,5.0,1.927,2064,1258,14.588,10.474,63.662,10.0,1,45,93,29,0.4965,0.6357,788,0.3218,0.0813,92.1986,0.0084,9.6565,0.3984,33.18,11.233,12.038,11.857,8.224,4.15,10,0.904,0.389381,0.648,0.130531,0.7737,0.0185,0.5854,0.1553,0.0247,0.0206,0.0,0.3682,0.0841,0.1054,0.0064,0.007,0.001,0.0,0.0056,0.0,0.0074,0.0095,0.0095,0.818,0.0736,0.0671,0.069,0.0381,0.0955,0.198,0.089,0.1976,0.033,0.1084,0.0521,0.0745,0.0285,0.011,0.0047,0.0006,0.0
RUS-O-13,RUS-O,65,32765,27497,5055,1859,765,9832,2559,1062,4.908,5.0,1.945,2117,1394,13.674,6.608,41.807,5.0,0,38,399,26,0.415,0.5552,643,0.2513,0.0664,158.4882,0.0145,9.318,0.3737,35.581,9.938,10.394,11.705,7.494,3.536,10,0.844,0.159375,0.466,0.139062,0.7832,0.0257,0.3385,0.3855,0.048,0.0659,0.0,0.3096,0.0803,0.0969,0.055,0.0269,0.0059,0.0,0.0028,0.0783,0.0172,0.0032,0.0032,0.909,0.1778,0.3621,0.0637,0.08,0.0977,0.1718,0.0752,0.1871,0.0179,0.1182,0.0626,0.0685,0.0384,0.0067,0.0071,0.005,0.0
RUS-O-14,RUS-O,8,4110,3464,596,396,61,1241,351,223,5.29,5.0,2.082,202,194,16.928,9.77,65.852,9.0,2,27,16,2,0.6353,0.6353,181,0.5157,0.0655,291.1782,0.0267,7.231,0.3372,20.781,12.788,12.768,15.346,10.83,4.311,8,0.908,0.278689,0.541,0.04918,0.7851,0.0413,0.6694,0.2066,0.0248,0.0083,0.0,0.2394,0.1158,0.1225,0.0185,0.0084,0.0,0.0,0.0034,0.0772,0.0151,0.0,0.0,0.636,0.082,0.1803,0.0836,0.0164,0.0656,0.1984,0.0803,0.2918,0.0246,0.0869,0.0295,0.0492,0.0279,0.0098,0.0361,0.0,0.0
RUS-O-15,RUS-O,42,3780,3160,601,409,52,1161,317,252,4.814,5.0,1.932,271,169,15.871,11.558,70.981,9.0,2,40,11,8,0.795,0.795,222,0.7003,0.0631,86.7662,0.0077,7.6953,0.3977,31.656,11.715,12.874,12.555,9.114,4.42,8,0.917,0.34,0.66,0.16,0.7818,0.0455,0.1909,0.5455,0.0727,0.0273,0.0,0.2357,0.0782,0.1248,0.0166,0.005,0.0,0.0,0.0183,0.0233,0.01,0.0,0.0,0.636,0.0577,0.1923,0.09,0.018,0.0638,0.18,0.1047,0.239,0.0393,0.0851,0.0704,0.0606,0.0344,0.0131,0.0016,0.0,0.0
RUS-O-16,RUS-O,23,3041,2546,440,266,71,870,247,160,4.93,5.0,1.977,168,119,13.297,6.197,41.155,6.0,0,16,32,0,0.6478,0.6478,131,0.5304,0.0729,408.2031,0.0377,6.7316,0.3682,33.291,10.155,10.091,13.447,8.922,3.621,7,0.831,0.393939,0.667,0.19697,0.6792,0.0377,0.7642,0.0755,0.0377,0.0189,0.0,0.3673,0.1159,0.0682,0.05,0.0091,0.0,0.0,0.0205,0.0864,0.0682,0.0068,0.0068,0.818,0.0563,0.3099,0.1189,0.0779,0.0984,0.2172,0.0451,0.123,0.0184,0.0779,0.043,0.1127,0.0164,0.0205,0.0,0.0307,0.0
RUS-O-17,RUS-O,32,15615,13216,2296,1065,323,4588,1273,650,5.037,5.0,1.998,904,676,14.62,7.108,46.957,6.0,0,22,134,5,0.5106,0.6083,448,0.3519,0.0754,188.7574,0.0174,8.6658,0.3828,30.59,10.759,10.924,13.882,9.235,3.789,8,0.867,0.295775,0.528,0.119718,0.7337,0.0237,0.645,0.1538,0.0454,0.0434,0.0,0.3156,0.108,0.098,0.0418,0.0187,0.0,0.0,0.0057,0.0632,0.0492,0.0013,0.0013,0.818,0.1331,0.2972,0.0684,0.0629,0.0771,0.2113,0.09,0.2038,0.0163,0.0975,0.0588,0.0725,0.0217,0.0067,0.0058,0.0067,0.0004
RUS-O-18,RUS-O,48,19384,16347,2809,1467,343,5755,1475,911,5.187,5.0,2.049,1123,911,16.248,8.19,54.854,7.0,1,32,107,8,0.6176,0.6813,670,0.4542,0.0922,46.39,0.004,9.429,0.3606,25.177,11.782,11.926,14.804,10.075,3.779,9,0.882,0.091445,0.431,0.20944,0.71,0.036,0.586,0.168,0.038,0.026,0.0,0.2642,0.1057,0.0801,0.0566,0.0142,0.0,0.0,0.0053,0.0328,0.031,0.0103,0.0103,0.818,0.1166,0.3528,0.075,0.0371,0.1118,0.1704,0.0968,0.2157,0.031,0.0865,0.0641,0.0491,0.0368,0.0164,0.0075,0.002,0.0
RUS-O-19,RUS-O,48,12230,10220,1812,1014,225,3690,1119,647,5.075,5.0,2.036,708,531,14.943,8.053,52.813,7.0,0,27,81,6,0.5782,0.659,472,0.4218,0.0947,210.65,0.02,8.6355,0.3377,26.416,11.575,11.414,13.689,9.162,3.813,7,0.868,0.260274,0.511,0.109589,0.7553,0.016,0.5904,0.1968,0.0319,0.0213,0.0,0.4019,0.1038,0.0971,0.0243,0.0149,0.0,0.0,0.0132,0.0673,0.0403,0.0039,0.0039,0.818,0.12,0.1911,0.0779,0.0779,0.0693,0.2019,0.0929,0.2615,0.0226,0.0553,0.0392,0.0698,0.0172,0.0059,0.0075,0.0011,0.0
RUS-O-20,RUS-O,49,20446,17123,3073,1496,408,6057,1773,893,5.032,5.0,1.971,1219,842,13.973,7.532,48.696,7.0,0,27,167,9,0.5037,0.5895,599,0.3378,0.0891,196.301,0.0185,9.0225,0.3788,32.443,10.605,10.868,13.034,8.58,3.819,8,0.874,0.2,0.589,0.216438,0.7759,0.0448,0.5914,0.2155,0.0517,0.0172,0.0,0.3313,0.1041,0.1012,0.0582,0.013,0.0,0.0,0.0081,0.0651,0.0195,0.0023,0.0023,0.818,0.098,0.4044,0.074,0.0424,0.0917,0.1834,0.0964,0.2678,0.0199,0.0673,0.0383,0.0756,0.0266,0.0066,0.0079,0.0022,0.0
RUS-O-21,RUS-O,36,9886,8316,1384,649,321,2762,882,397,5.007,5.0,1.996,566,411,13.603,4.312,29.293,4.0,0,17,245,0,0.4501,0.4501,274,0.3107,0.0669,825.397,0.0797,7.5493,0.3316,33.597,9.644,9.198,12.666,9.027,3.158,6,0.803,0.094637,0.435,0.255521,0.7422,0.0244,0.3031,0.5366,0.0557,0.0139,0.0,0.0784,0.2095,0.0549,0.0816,0.0231,0.0,0.0,0.0101,0.0968,0.0766,0.0051,0.0051,0.818,0.0997,0.3458,0.0495,0.0573,0.0893,0.187,0.0814,0.3166,0.0111,0.058,0.0469,0.0782,0.0111,0.002,0.0039,0.0065,0.0007
RUS-O-22,RUS-O,64,5601,4690,886,568,252,1685,549,381,4.605,4.0,1.902,373,232,11.88,3.516,21.23,3.0,0,13,209,0,0.694,0.694,293,0.5337,0.0929,62.9646,0.0052,8.301,0.3454,42.357,8.225,8.255,6.907,5.26,2.697,5,0.747,0.047244,0.228,0.059055,0.8452,0.0194,0.1742,0.3871,0.1355,0.1419,0.0,0.3554,0.2652,0.114,0.0056,0.0135,0.0,0.0,0.0,0.0,0.0395,0.0,0.0,0.455,0.0476,0.0198,0.0529,0.0455,0.0561,0.164,0.091,0.3386,0.0169,0.091,0.0635,0.036,0.0233,0.0063,0.0106,0.0032,0.0011
RUS-O-23,RUS-O,48,22232,18686,3357,1247,454,6634,1669,692,5.032,5.0,1.976,1323,968,14.492,7.394,47.923,7.0,1,24,152,3,0.4146,0.51,436,0.2612,0.0743,496.7381,0.0477,8.403,0.3902,32.16,10.61,10.998,12.927,8.484,3.637,7,0.885,0.202673,0.445,0.066815,0.795,0.0174,0.6373,0.1416,0.0323,0.036,0.0,0.4695,0.109,0.0903,0.0477,0.0158,0.0,0.0,0.0,0.0474,0.0092,0.0748,0.0751,0.727,0.1167,0.3524,0.0446,0.0158,0.1018,0.2363,0.0725,0.1961,0.0294,0.1365,0.0622,0.0619,0.0244,0.0129,0.0035,0.0021,0.0
RUS-O-24,RUS-O,64,31471,26196,4916,2059,602,9464,2704,1154,4.837,5.0,1.925,1991,1244,13.388,8.166,50.877,7.0,0,31,188,12,0.4268,0.5552,719,0.2659,0.0669,212.2525,0.0201,9.3701,0.3836,35.692,10.31,10.874,11.908,7.751,3.895,8,0.889,0.258303,0.574,0.164207,0.7753,0.0282,0.6008,0.1797,0.0502,0.0293,0.0,0.3929,0.1098,0.0962,0.022,0.0094,0.0,0.0,0.0073,0.059,0.0151,0.0047,0.0045,0.818,0.0764,0.1761,0.0781,0.0381,0.0886,0.1892,0.0927,0.2331,0.02,0.1,0.0415,0.067,0.031,0.0136,0.0059,0.0012,0.0
RUS-O-25,RUS-O,32,6345,5310,961,592,109,1936,531,349,5.053,5.0,2.015,346,288,15.514,8.817,56.615,8.0,0,26,32,2,0.6573,0.6573,273,0.5141,0.081,139.0793,0.0124,8.0133,0.3652,27.417,11.626,11.903,13.333,9.004,4.05,9,0.898,0.24,0.49,0.17,0.7513,0.0317,0.5503,0.1693,0.0476,0.0476,0.0,0.4157,0.0635,0.0832,0.0645,0.0083,0.0,0.0,0.0052,0.0656,0.0135,0.0,0.0,0.636,0.0734,0.5688,0.0822,0.0527,0.0771,0.1917,0.0822,0.2181,0.0254,0.0933,0.0355,0.0659,0.0609,0.0091,0.0051,0.001,0.0
RUS-O-26,RUS-O,32,9540,8012,1460,840,127,3030,800,495,5.105,5.0,2.075,552,497,18.215,11.496,73.724,11.0,1,32,20,10,0.6188,0.6188,375,0.4688,0.0875,117.8247,0.0106,8.4557,0.3445,19.622,13.378,13.835,13.893,10.165,4.488,9,0.908,0.317073,0.537,0.089431,0.797,0.0258,0.679,0.0886,0.0406,0.0406,0.0,0.3172,0.1027,0.0932,0.0178,0.0041,0.0,0.0,0.0034,0.0171,0.0178,0.0021,0.0021,0.818,0.0472,0.2047,0.0733,0.0524,0.0853,0.1821,0.1055,0.2399,0.0222,0.078,0.0558,0.0544,0.0329,0.0101,0.006,0.002,0.0
RUS-O-27,RUS-O,32,3373,2821,529,328,53,1050,280,177,4.951,5.0,1.985,208,150,15.335,9.981,62.075,9.0,1,21,6,2,0.6321,0.6321,142,0.5071,0.0714,397.3954,0.0367,6.8869,0.4008,28.773,11.726,12.214,12.591,8.678,4.122,8,0.914,0.326531,0.612,0.142857,0.8224,0.0,0.6916,0.0935,0.0467,0.0187,0.0,0.3615,0.0907,0.104,0.0095,0.0113,0.0,0.0,0.0019,0.0397,0.0057,0.0076,0.0076,0.818,0.1132,0.0943,0.0879,0.0075,0.0953,0.2,0.0897,0.2355,0.0318,0.1121,0.0449,0.0579,0.015,0.015,0.0037,0.0037,0.0
RUS-O-28,RUS-O,48,8093,6750,1307,821,181,2474,789,507,4.708,5.0,1.893,536,327,12.896,7.221,43.707,6.0,0,50,79,4,0.6426,0.6426,386,0.4892,0.0875,98.1136,0.0087,8.552,0.2976,39.358,9.564,10.362,10.468,6.505,3.646,10,0.851,0.198895,0.519,0.082873,0.8364,0.0364,0.4636,0.3818,0.0545,0.0227,0.0,0.288,0.1285,0.1262,0.0023,0.0084,0.0,0.0,0.0,0.0008,0.0268,0.0,0.0,0.545,0.0608,0.0166,0.0714,0.0393,0.1034,0.1602,0.1122,0.2819,0.0095,0.094,0.0299,0.0568,0.0233,0.0066,0.0102,0.0015,0.0
RUS-O-29,RUS-O,24,4279,3542,640,396,107,1196,356,225,4.745,5.0,1.869,287,156,12.143,5.981,38.402,6.0,0,20,50,1,0.632,0.632,164,0.4607,0.0955,150.321,0.0125,7.4733,0.3688,42.647,8.797,9.613,11.793,7.627,3.306,5,0.829,0.092593,0.389,0.101852,0.719,0.0,0.5868,0.1736,0.0579,0.0579,0.0,0.2711,0.1016,0.0969,0.0766,0.025,0.0,0.0,0.0078,0.0359,0.0656,0.0,0.0,0.636,0.1495,0.4579,0.0598,0.0831,0.0816,0.1764,0.1079,0.2449,0.0219,0.0977,0.0598,0.0408,0.0131,0.0058,0.0058,0.0015,0.0
RUS-O-30,RUS-O,32,4198,3560,604,401,54,1281,416,232,5.258,5.0,2.121,200,207,18.183,11.185,76.278,10.5,1,26,7,5,0.5577,0.5577,165,0.3966,0.0913,341.8549,0.0309,7.2826,0.3311,16.046,13.8,13.724,16.211,11.923,4.314,7,0.912,0.235294,0.549,0.058824,0.7895,0.0316,0.4421,0.4105,0.0105,0.0,0.0,0.2864,0.0944,0.0762,0.0132,0.0017,0.0,0.0,0.0033,0.0248,0.0397,0.0066,0.0066,0.818,0.0185,0.1481,0.1497,0.0926,0.0849,0.1466,0.108,0.2469,0.0247,0.034,0.0278,0.0509,0.0309,0.0015,0.0015,0.0,0.0
RUS-O-31,RUS-O,32,3764,3189,554,367,40,1137,295,200,5.363,5.0,2.052,216,186,18.97,13.85,93.125,11.5,6,33,0,5,0.678,0.678,162,0.5492,0.0881,327.75,0.0306,7.1045,0.3736,19.178,14.025,14.811,15.91,12.607,4.725,9,0.933,0.25,0.6,0.3,0.7629,0.0515,0.6082,0.2062,0.0,0.0103,0.0,0.2846,0.0758,0.0957,0.0126,0.0,0.0,0.0,0.0036,0.0199,0.0199,0.0,0.0,0.545,0.0,0.175,0.1128,0.0035,0.0972,0.1684,0.1076,0.2222,0.0417,0.0868,0.0417,0.0538,0.0399,0.0191,0.0052,0.0,0.0
RUS-O-32,RUS-O,32,1330,1132,188,159,30,373,111,97,5.144,5.0,1.984,77,55,14.209,6.267,43.367,3.5,0,26,17,1,0.8739,0.8739,88,0.7928,0.0631,63.7687,0.0049,6.4916,0.3085,32.628,10.265,10.416,14.882,10.064,3.083,7,0.686,0.111111,0.472,0.194444,0.7667,0.1,0.6333,0.2333,0.0,0.0,0.0,0.0779,0.1436,0.1277,0.1702,0.0106,0.0,0.0,0.016,0.0106,0.117,0.0,0.0,0.636,0.0667,0.4333,0.0896,0.0896,0.0613,0.1415,0.0566,0.2736,0.0142,0.0755,0.0425,0.0708,0.0566,0.0047,0.0047,0.0,0.0189
RUS-O-33,RUS-O,80,3467,2866,570,302,60,1044,327,160,4.695,5.0,1.832,260,134,13.204,9.5,56.8,9.0,0,18,12,0,0.4893,0.4893,115,0.3517,0.055,755.8594,0.0695,6.6068,0.3386,42.205,9.733,11.185,10.649,7.002,4.068,6,0.906,0.423729,0.797,0.389831,0.75,0.037,0.7778,0.0926,0.0093,0.037,0.0,0.4028,0.0772,0.0649,0.0228,0.0053,0.0,0.0,0.014,0.0368,0.0193,0.0018,0.0018,0.818,0.05,0.2167,0.0221,0.0969,0.0731,0.1837,0.1071,0.2704,0.0102,0.0765,0.0306,0.102,0.0136,0.0034,0.0102,0.0,0.0
RUS-O-34,RUS-O,32,21767,18091,3137,1533,489,5903,1755,979,4.834,5.0,1.882,1448,818,12.996,6.415,43.515,5.0,0,34,257,8,0.5578,0.6255,721,0.4108,0.0832,142.0432,0.0134,9.2261,0.3739,41.107,9.119,10.084,13.496,8.94,3.384,10,0.855,0.13,0.408,0.138,0.7601,0.0162,0.637,0.1912,0.0308,0.0405,0.0,0.254,0.2082,0.0883,0.0692,0.0261,0.0,0.0,0.015,0.1332,0.0676,0.0073,0.0073,0.818,0.1656,0.4356,0.0721,0.0909,0.0782,0.178,0.0836,0.2169,0.0162,0.1119,0.0476,0.0571,0.0283,0.0084,0.004,0.0063,0.0006
RUS-O-35,RUS-O,48,18148,15221,2675,1338,288,5563,1495,780,5.262,5.0,2.08,955,855,16.5,9.288,62.017,8.0,1,30,78,13,0.5217,0.6199,519,0.3472,0.095,128.2544,0.0117,9.0103,0.3364,21.44,12.576,12.437,14.471,10.014,3.842,8,0.888,0.252525,0.562,0.151515,0.7038,0.0308,0.65,0.0846,0.0462,0.0481,0.0,0.307,0.1092,0.095,0.034,0.0056,0.0,0.0,0.006,0.0168,0.0437,0.003,0.003,0.818,0.0521,0.316,0.0935,0.0703,0.1005,0.1914,0.0953,0.191,0.0213,0.0755,0.049,0.0626,0.0265,0.0158,0.0052,0.0022,0.0
RUS-O-36,RUS-O,24,4331,3609,669,410,106,1260,377,234,4.773,5.0,1.883,295,166,12.45,6.311,39.868,6.0,1,24,51,2,0.6207,0.6207,170,0.4509,0.0928,167.105,0.0142,7.4977,0.3782,41.128,9.091,9.854,11.23,7.134,3.406,9,0.836,0.141509,0.406,0.198113,0.68,0.0533,0.64,0.1333,0.06,0.0467,0.0,0.339,0.1226,0.0807,0.0583,0.0149,0.0,0.0,0.0045,0.0493,0.0404,0.003,0.003,0.818,0.0943,0.3679,0.0715,0.0771,0.1136,0.2104,0.0771,0.1711,0.021,0.1066,0.0491,0.0617,0.0224,0.0056,0.007,0.0056,0.0
RUS-O-37,RUS-O,48,14226,11808,2251,1257,294,4335,1279,750,4.88,5.0,1.926,912,570,13.191,7.656,47.391,7.0,0,29,113,4,0.5864,0.6605,526,0.4113,0.0946,67.5022,0.0058,9.1267,0.3438,36.125,10.123,10.626,11.179,7.105,3.55,7,0.857,0.2589,0.495,0.119741,0.7907,0.0132,0.6233,0.1806,0.0396,0.033,0.0,0.2324,0.0995,0.0689,0.0484,0.012,0.0,0.0,0.004,0.0222,0.0178,0.0027,0.0027,0.818,0.0884,0.3707,0.0795,0.0332,0.08,0.1984,0.111,0.2469,0.0122,0.0822,0.0455,0.0734,0.0223,0.0066,0.0057,0.0017,0.0009
RUS-O-38,RUS-O,32,12969,10841,1978,1092,213,4031,1205,656,5.03,5.0,2.038,716,591,15.666,9.286,59.892,9.0,0,26,57,13,0.5444,0.6852,482,0.4,0.0631,150.7892,0.0138,8.7107,0.3195,24.995,12.08,12.124,13.24,9.028,4.023,9,0.89,0.306977,0.563,0.102326,0.6871,0.0471,0.7035,0.1153,0.0329,0.0259,0.0,0.2703,0.088,0.092,0.0238,0.0081,0.0,0.0,0.0152,0.0581,0.0233,0.0005,0.0005,0.818,0.0751,0.2207,0.0733,0.05,0.0714,0.2063,0.101,0.2607,0.0262,0.0694,0.0408,0.0636,0.0199,0.0053,0.0078,0.0044,0.0
RUS-O-39,RUS-O,32,10937,9087,1639,631,224,3213,926,363,4.794,5.0,1.96,712,507,15.3,7.317,47.83,5.0,0,38,113,11,0.392,0.392,240,0.2592,0.0508,614.4844,0.0573,7.5983,0.327,33.592,10.392,11.24,12.755,8.342,3.485,9,0.86,0.103896,0.506,0.246753,0.7849,0.0538,0.7563,0.1362,0.0358,0.0143,0.0,0.4276,0.111,0.1062,0.0537,0.0183,0.0,0.0,0.0104,0.097,0.0342,0.0006,0.0006,0.818,0.1339,0.3839,0.0952,0.1279,0.0711,0.16,0.0814,0.2087,0.0103,0.0814,0.0442,0.0722,0.0252,0.0097,0.0092,0.0029,0.0006
RUS-O-40,RUS-O,32,4629,3858,727,485,77,1412,422,294,4.85,5.0,1.942,303,194,14.451,9.442,59.13,8.0,1,36,24,6,0.6967,0.6967,234,0.5545,0.0806,97.1817,0.0083,7.8776,0.3425,32.958,11.008,11.694,12.269,8.286,3.857,7,0.876,0.298701,0.61,0.168831,0.8295,0.0078,0.4031,0.3798,0.0853,0.0078,0.0,0.2377,0.0757,0.1087,0.0275,0.0055,0.0,0.0,0.0234,0.033,0.022,0.0028,0.0028,0.818,0.0519,0.2597,0.0717,0.0611,0.0717,0.1713,0.1102,0.2629,0.0186,0.0717,0.0412,0.073,0.0279,0.012,0.0066,0.0,0.0
RUS-O-41,RUS-O,40,7704,6492,1182,741,95,2478,701,465,5.198,5.0,2.096,440,385,18.006,12.442,80.105,12.0,2,27,11,15,0.6633,0.6633,353,0.5036,0.0913,64.0074,0.0053,8.5364,0.3401,16.885,13.995,14.026,14.116,10.66,4.729,10,0.913,0.291667,0.573,0.15625,0.7526,0.0368,0.6947,0.0947,0.0053,0.0,0.0,0.2429,0.0795,0.0626,0.0017,0.0,0.0,0.0,0.0008,0.0102,0.0127,0.0,0.0,0.545,0.0,0.0211,0.0998,0.0429,0.0602,0.1568,0.1304,0.2764,0.0223,0.0611,0.0413,0.0578,0.0371,0.0058,0.0074,0.0008,0.0
RUS-O-42,RUS-O,24,4101,3426,637,376,121,1276,378,228,4.885,5.0,2.003,254,203,14.853,5.264,32.901,5.0,1,18,74,0,0.6032,0.6032,164,0.4339,0.1138,308.1717,0.0281,7.3008,0.3014,32.038,10.098,10.094,10.202,6.534,3.14,6,0.805,0.22314,0.421,0.132231,0.8011,0.0114,0.3693,0.4205,0.0795,0.0341,0.0,0.4396,0.1334,0.1068,0.0534,0.0047,0.0,0.0,0.0204,0.0455,0.0157,0.0,0.0,0.636,0.0248,0.281,0.0213,0.0472,0.0807,0.2679,0.0868,0.2298,0.0122,0.1142,0.0533,0.0563,0.0198,0.0061,0.0046,0.0,0.0
RUS-O-43,RUS-O,40,20798,17293,3143,1311,446,6283,1777,775,5.001,5.0,1.999,1221,938,14.756,7.047,45.635,6.0,0,27,201,6,0.4361,0.5203,496,0.2791,0.0658,262.0937,0.0246,8.7871,0.3726,30.567,10.747,10.943,12.352,8.008,3.387,9,0.856,0.25,0.472,0.130435,0.724,0.0178,0.6662,0.135,0.0386,0.0445,0.0,0.3161,0.1015,0.083,0.0465,0.0185,0.0,0.0,0.0099,0.0493,0.0366,0.0013,0.0013,0.818,0.13,0.3229,0.0681,0.0573,0.0952,0.2076,0.0881,0.2107,0.0099,0.0986,0.0539,0.0718,0.0191,0.0099,0.0031,0.0068,0.0
RUS-O-44,RUS-O,28,5484,4601,836,509,79,1711,470,290,5.12,5.0,2.047,317,247,16.051,10.582,68.43,9.0,2,27,14,6,0.617,0.617,214,0.4553,0.1043,187.8716,0.0167,7.7052,0.3541,22.918,12.692,12.685,13.764,9.783,4.354,9,0.902,0.317073,0.512,0.109756,0.6316,0.0409,0.7368,0.0819,0.0468,0.0058,0.0,0.2339,0.0873,0.0921,0.0132,0.0048,0.0,0.0,0.0048,0.0419,0.0132,0.0072,0.0072,0.818,0.0506,0.1392,0.0524,0.0093,0.0768,0.1991,0.1327,0.2794,0.0233,0.0792,0.0466,0.0536,0.0221,0.0116,0.0128,0.0,0.0012
RUS-O-45,RUS-O,40,23346,19558,3612,1574,371,7489,2136,933,5.096,5.0,2.073,1254,1110,16.187,9.736,61.93,9.0,0,30,81,17,0.4368,0.6012,598,0.28,0.0796,652.2885,0.0639,8.7236,0.3566,21.577,12.668,12.474,12.998,8.941,3.978,8,0.893,0.392473,0.629,0.069892,0.7249,0.011,0.6663,0.0905,0.0269,0.0122,0.0,0.3025,0.0961,0.09,0.0053,0.0064,0.0,0.0008,0.0047,0.041,0.01,0.0,0.0,0.727,0.062,0.0512,0.0638,0.0401,0.0878,0.2229,0.1028,0.2546,0.0229,0.0681,0.0294,0.075,0.0183,0.0109,0.0035,0.0,0.0
RUS-O-46,RUS-O,50,74768,62531,11461,4635,2130,22751,6636,2925,4.949,5.0,1.985,4483,3087,12.926,5.381,34.103,5.0,0,35,1310,13,0.4408,0.658,1909,0.2877,0.0687,106.3873,0.0102,10.6044,0.3428,33.442,9.932,9.594,10.78,6.958,3.16,9,0.816,0.157919,0.422,0.111059,0.793,0.041,0.3615,0.455,0.0546,0.0132,0.0,0.2324,0.1669,0.0996,0.0191,0.0112,0.0,0.0,0.0052,0.0509,0.018,0.0019,0.0019,0.818,0.0601,0.1023,0.0651,0.0542,0.0902,0.1978,0.1038,0.2487,0.0224,0.0717,0.055,0.0591,0.0221,0.0045,0.0041,0.0015,0.0
RUS-O-47,RUS-O,32,8389,7049,1225,805,181,2591,709,545,5.233,5.0,2.115,460,390,15.442,6.768,45.354,6.0,0,21,78,1,0.7687,0.7687,457,0.6446,0.0818,30.5025,0.0025,8.8597,0.3069,21.036,12.007,11.04,13.662,9.057,3.46,8,0.832,0.101604,0.353,0.122995,0.7371,0.0239,0.5896,0.1713,0.0438,0.0359,0.0,0.2817,0.1208,0.0678,0.0637,0.0139,0.0,0.0,0.009,0.0743,0.0278,0.0016,0.0016,0.818,0.0939,0.3591,0.0578,0.0469,0.0844,0.1961,0.1141,0.2609,0.0266,0.0664,0.0539,0.0445,0.0258,0.0102,0.0078,0.0047,0.0
RUS-O-48,RUS-O,64,31160,25927,4830,1731,502,9809,2543,962,4.982,5.0,2.031,1792,1472,16.039,9.622,61.074,8.5,1,46,129,23,0.3783,0.5292,597,0.2348,0.0606,532.6849,0.0516,8.7659,0.4079,25.246,12.128,12.379,12.687,8.664,3.856,8,0.892,0.331384,0.571,0.120858,0.7888,0.0201,0.5503,0.2267,0.0494,0.0238,0.0,0.4585,0.0894,0.1253,0.017,0.0155,0.0,0.0,0.0052,0.0762,0.0093,0.0004,0.0004,0.818,0.1494,0.1594,0.0544,0.0206,0.1003,0.2236,0.0846,0.2258,0.0262,0.1112,0.0341,0.0691,0.0319,0.0131,0.0045,0.0006,0.0
RUS-O-49,RUS-O,28,5879,4918,942,477,123,1895,538,270,4.887,5.0,2.012,347,282,15.038,7.659,46.805,7.0,1,24,38,1,0.5019,0.5019,174,0.3234,0.0874,454.0466,0.0419,7.4303,0.396,28.846,11.139,11.293,11.033,6.99,3.574,6,0.875,0.377049,0.615,0.122951,0.8072,0.0135,0.7534,0.0538,0.0269,0.0135,0.0,0.3902,0.1093,0.0722,0.0191,0.0032,0.0,0.0,0.0064,0.0096,0.0117,0.0074,0.0074,0.818,0.0244,0.1463,0.0477,0.0425,0.0923,0.2313,0.1068,0.2313,0.0197,0.0778,0.0342,0.083,0.0124,0.0156,0.0041,0.001,0.0
RUS-O-50,RUS-O,48,11724,9733,1872,1132,234,3525,1127,782,4.684,5.0,1.883,797,458,12.986,8.0,49.107,7.0,0,32,81,10,0.6939,0.784,606,0.5377,0.0878,30.89,0.0025,9.3325,0.3563,39.413,9.749,10.663,11.072,7.058,3.837,7,0.869,0.193133,0.597,0.094421,0.7525,0.0502,0.4649,0.3344,0.0535,0.0602,0.0,0.2682,0.0956,0.1325,0.0459,0.0118,0.0,0.0,0.0171,0.0475,0.0176,0.0032,0.0032,0.818,0.094,0.3462,0.08,0.0692,0.0537,0.1544,0.1218,0.285,0.0129,0.0986,0.0439,0.0532,0.0108,0.0041,0.0083,0.0041,0.0
RUS-T-01,RUS-T,34,4582,3847,682,414,103,1307,368,240,4.952,5.0,1.916,289,170,12.619,6.621,42.398,6.0,0,37,51,3,0.6522,0.6522,185,0.5027,0.0924,173.6111,0.0152,7.4917,0.368,38.021,9.601,10.037,12.897,8.448,3.755,7,0.87,0.095745,0.394,0.148936,0.7568,0.0203,0.1081,0.6554,0.0676,0.0203,0.0,0.2791,0.1041,0.1129,0.0323,0.0117,0.0147,0.0,0.0015,0.0587,0.0264,0.0044,0.0044,0.909,0.0777,0.2039,0.0448,0.1261,0.1008,0.2073,0.0588,0.1751,0.0434,0.1246,0.0448,0.049,0.0238,0.0,0.0014,0.0,0.0
RUS-T-02,RUS-T,21,2801,2321,443,264,64,864,250,153,4.686,4.0,1.95,190,129,14.417,6.922,41.75,6.0,1,18,25,0,0.612,0.612,125,0.5,0.064,472.0407,0.0433,6.6222,0.4018,34.839,10.12,10.776,10.731,6.708,3.679,6,0.873,0.188679,0.434,0.150943,0.875,0.0208,0.2396,0.5521,0.0312,0.0417,0.0,0.6099,0.1016,0.0677,0.0519,0.0068,0.0045,0.0,0.0023,0.0767,0.009,0.0023,0.0023,0.909,0.0469,0.3594,0.031,0.071,0.0776,0.2129,0.1419,0.2417,0.0177,0.102,0.031,0.0532,0.0111,0.0022,0.0067,0.0,0.0
RUS-T-03,RUS-T,26,3917,3285,611,396,47,1209,341,239,4.992,5.0,1.979,250,163,15.871,13.0,82.362,12.0,3,25,2,7,0.7009,0.7009,190,0.5572,0.088,123.9474,0.0107,7.5718,0.3748,26.217,12.832,13.2,13.536,10.393,4.667,8,0.919,0.333333,0.583,0.125,0.6637,0.0354,0.6283,0.1062,0.0265,0.0088,0.0,0.2874,0.072,0.1047,0.0065,0.0016,0.0,0.0,0.0131,0.0,0.0115,0.0049,0.0049,0.727,0.0213,0.0851,0.1008,0.0512,0.0672,0.1808,0.1168,0.216,0.0224,0.08,0.0544,0.0688,0.0224,0.016,0.0032,0.0,0.0
RUS-T-04,RUS-T,21,2050,1740,297,228,30,579,177,154,4.855,5.0,1.949,108,75,14.061,9.9,65.433,9.5,1,22,8,2,0.8701,0.8701,143,0.8079,0.0565,94.8727,0.0086,7.0535,0.3401,31.901,11.269,11.66,15.659,11.114,4.769,8,0.928,0.153846,0.615,0.153846,0.766,0.0213,0.0851,0.617,0.0,0.0426,0.0,0.3153,0.0,0.1549,0.0539,0.0034,0.0438,0.0,0.0101,0.0202,0.0269,0.0,0.0,0.636,0.0333,0.5333,0.0863,0.0288,0.0767,0.1502,0.1118,0.3259,0.0224,0.0735,0.016,0.0639,0.0383,0.0032,0.0,0.0032,0.0
RUS-T-05,RUS-T,152,25718,21519,3819,1577,594,7698,2249,981,5.039,5.0,2.016,1555,1103,14.124,6.429,41.278,6.0,1,25,265,5,0.4362,0.5802,616,0.2739,0.0756,520.6778,0.0508,8.931,0.3504,29.756,10.706,10.464,12.728,8.324,3.576,8,0.861,0.152985,0.375,0.089552,0.7747,0.0225,0.1026,0.6721,0.0513,0.0451,0.0,0.4571,0.117,0.0741,0.0518,0.0126,0.0016,0.0,0.0068,0.0901,0.0097,0.0016,0.0016,0.909,0.0808,0.3316,0.0693,0.086,0.101,0.2058,0.101,0.2171,0.0201,0.0914,0.0314,0.0474,0.0198,0.0049,0.0031,0.0015,0.0003
RUS-T-06,RUS-T,30,6076,5120,897,559,88,1857,533,345,5.301,5.0,2.07,331,288,16.92,10.193,67.182,10.0,3,24,15,3,0.6473,0.6473,269,0.5047,0.0694,123.1674,0.0108,8.0125,0.3177,21.367,12.811,12.909,14.859,10.551,4.25,7,0.911,0.309524,0.655,0.166667,0.6477,0.0207,0.6477,0.1399,0.0311,0.0104,0.0,0.3466,0.1014,0.1026,0.0033,0.0078,0.0,0.0,0.0033,0.0613,0.0056,0.0011,0.0011,0.818,0.0795,0.0341,0.052,0.0587,0.0952,0.2137,0.0952,0.2481,0.0199,0.062,0.0498,0.0676,0.0177,0.0111,0.0078,0.0011,0.0
RUS-T-07,RUS-T,32,981,825,156,109,43,281,88,62,4.724,5.0,1.801,77,32,9.656,3.628,21.349,3.0,0,10,38,0,0.7045,0.7045,46,0.5227,0.1364,364.204,0.0301,5.7004,0.391,50.788,7.077,7.725,7.137,5.293,2.857,5,0.78,0.02381,0.167,0.071429,0.8571,0.0,0.3214,0.3929,0.2143,0.0,0.0,0.1754,0.1923,0.0385,0.1154,0.0256,0.0,0.0,0.0,0.0,0.0192,0.0,0.0,0.455,0.093,0.4186,0.0375,0.05,0.0625,0.175,0.1,0.3063,0.025,0.1313,0.05,0.0312,0.025,0.0063,0.0,0.0,0.0
RUS-T-08,RUS-T,31,3914,3337,569,401,80,1236,333,233,5.459,5.0,2.172,196,201,16.975,7.112,47.3,7.0,1,21,23,1,0.6997,0.6997,185,0.5556,0.0811,107.204,0.0089,7.5677,0.3128,15.865,12.813,11.682,14.523,9.749,3.724,7,0.88,0.105263,0.303,0.065789,0.7273,0.0202,0.1515,0.5051,0.0404,0.0303,0.0,0.3125,0.1494,0.0492,0.0334,0.0018,0.0,0.0,0.0018,0.0088,0.0018,0.0123,0.0123,0.818,0.0125,0.2375,0.056,0.0613,0.0998,0.1734,0.1138,0.303,0.0228,0.0473,0.0298,0.0403,0.0403,0.0018,0.0105,0.0,0.0
RUS-T-09,RUS-T,31,3930,3360,566,352,73,1224,349,205,5.514,5.0,2.163,204,202,17.377,7.753,52.205,7.0,0,21,25,1,0.5874,0.5874,152,0.4355,0.0716,320.2855,0.0287,7.1528,0.311,15.976,12.957,12.111,15.288,10.407,3.819,8,0.884,0.125,0.403,0.138889,0.7434,0.0531,0.1504,0.4867,0.1239,0.0,0.0,0.3416,0.1431,0.0548,0.03,0.0035,0.0,0.0,0.0177,0.0018,0.0088,0.0071,0.0071,0.818,0.0274,0.2192,0.0557,0.033,0.113,0.1965,0.0922,0.3183,0.0226,0.0452,0.033,0.0522,0.0278,0.0017,0.0087,0.0,0.0
RUS-T-10,RUS-T,32,1527,1279,235,185,32,443,138,123,4.847,5.0,1.885,98,56,12.469,7.344,46.062,5.5,2,18,16,0,0.8913,0.8913,115,0.8333,0.0362,45.6078,0.0036,6.836,0.3064,39.91,9.517,10.246,12.172,7.876,3.933,6,0.88,0.2,0.5,0.066667,0.7805,0.0244,0.6341,0.1707,0.0732,0.0,0.0,0.2927,0.1489,0.1064,0.0426,0.017,0.0,0.0,0.0255,0.0596,0.0,0.0043,0.0043,0.727,0.125,0.3125,0.0638,0.0596,0.0979,0.1745,0.0766,0.2894,0.0128,0.0511,0.0638,0.0851,0.0213,0.0043,0.0,0.0,0.0
RUS-T-11,RUS-T,32,3983,3335,612,339,102,1145,362,197,4.895,5.0,1.871,268,152,12.335,6.0,37.598,5.0,1,18,60,0,0.5442,0.5442,129,0.3564,0.105,355.8453,0.0315,7.1297,0.348,42.458,8.828,9.686,11.309,7.236,3.707,6,0.853,0.173913,0.565,0.163043,0.6961,0.0294,0.4314,0.2647,0.0686,0.0196,0.0,0.2455,0.0899,0.0882,0.1013,0.0212,0.0,0.0,0.0163,0.049,0.0114,0.0033,0.0033,0.818,0.1275,0.6078,0.0513,0.1298,0.101,0.1635,0.0721,0.2292,0.0224,0.0513,0.0545,0.0785,0.0304,0.0032,0.0032,0.0032,0.0064
RUS-T-12,RUS-T,32,9090,7633,1329,737,166,2707,711,433,5.132,5.0,2.037,533,415,15.693,8.006,53.127,6.5,1,40,66,6,0.609,0.609,334,0.4698,0.0745,178.8905,0.0164,8.1725,0.3732,26.379,11.569,11.66,14.274,9.624,3.972,9,0.895,0.25,0.486,0.104167,0.735,0.0212,0.6325,0.1767,0.0353,0.0459,0.0,0.4844,0.082,0.1159,0.0361,0.015,0.0,0.0,0.0105,0.0783,0.0188,0.0015,0.0015,0.818,0.1205,0.2892,0.0616,0.045,0.1175,0.2052,0.0812,0.1871,0.0232,0.1226,0.0544,0.0573,0.0261,0.0073,0.0065,0.0051,0.0
RUS-T-13,RUS-T,32,6906,5812,992,633,112,2106,597,383,5.336,5.0,2.123,357,322,16.527,8.857,60.214,9.0,0,26,33,3,0.6415,0.6415,288,0.4824,0.1005,100.212,0.0086,8.1905,0.3256,18.239,12.916,12.287,15.308,10.594,3.925,7,0.896,0.160377,0.509,0.103774,0.7748,0.0265,0.1987,0.6358,0.0331,0.0199,0.0,0.3576,0.1099,0.0746,0.0383,0.0091,0.0,0.0,0.002,0.0766,0.0383,0.0,0.0,0.636,0.0804,0.3304,0.1169,0.1121,0.1063,0.1459,0.087,0.2203,0.0184,0.056,0.0473,0.0551,0.0232,0.0029,0.0058,0.0029,0.0
RUS-T-14,RUS-T,32,4844,4059,699,450,83,1427,399,255,5.306,5.0,2.041,254,205,15.1,8.422,56.735,7.0,1,24,25,2,0.6391,0.6391,200,0.5013,0.0777,184.5444,0.0163,7.5296,0.3319,25.618,11.778,11.608,14.83,10.131,3.941,7,0.913,0.147059,0.382,0.147059,0.7846,0.0154,0.6385,0.1462,0.0231,0.0385,0.0,0.4257,0.103,0.0973,0.0258,0.0157,0.0,0.0,0.0086,0.1202,0.0043,0.0014,0.0014,0.818,0.1325,0.2169,0.0667,0.0809,0.1348,0.1844,0.0837,0.2057,0.0213,0.0894,0.0397,0.0369,0.034,0.0128,0.0085,0.0014,0.0
RUS-T-15,RUS-T,36,5385,4534,756,437,98,1540,437,255,5.12,5.0,2.037,294,237,15.625,7.714,53.173,7.0,1,27,35,3,0.5835,0.5835,195,0.4462,0.0801,469.3579,0.0443,7.2582,0.3836,26.675,11.455,11.518,15.627,10.675,3.724,8,0.878,0.265306,0.439,0.091837,0.7348,0.0166,0.6575,0.1547,0.0331,0.0221,0.0,0.5243,0.123,0.1111,0.0066,0.0185,0.0,0.0026,0.0053,0.0066,0.0569,0.0013,0.0013,0.909,0.1429,0.051,0.0506,0.0506,0.1012,0.2235,0.0864,0.2037,0.0222,0.1284,0.0444,0.0593,0.0123,0.0111,0.0049,0.0012,0.0
RUS-T-16,RUS-T,24,7806,6575,1135,664,117,2236,675,399,5.154,5.0,1.97,458,312,14.876,9.701,64.752,9.0,0,30,26,5,0.5911,0.5911,289,0.4281,0.0919,165.5768,0.0149,8.1279,0.3304,30.326,11.439,11.944,15.211,10.705,4.053,8,0.876,0.324561,0.526,0.04386,0.7716,0.0259,0.6336,0.1983,0.0345,0.0216,0.0,0.3668,0.0802,0.0996,0.0449,0.0167,0.0,0.0018,0.0088,0.0626,0.0308,0.0044,0.0044,0.909,0.1624,0.4359,0.0786,0.0853,0.1054,0.194,0.0861,0.2065,0.0159,0.0828,0.0343,0.051,0.0468,0.005,0.0017,0.0059,0.0008
RUS-T-17,RUS-T,44,3011,2544,434,316,84,863,248,179,5.118,5.0,1.988,179,121,13.219,5.167,33.833,4.5,1,14,55,0,0.7218,0.7218,137,0.5524,0.1129,92.0695,0.0071,7.284,0.3456,33.406,9.884,9.574,12.938,8.762,3.367,6,0.849,0.101266,0.316,0.113924,0.6552,0.0575,0.1724,0.6207,0.0345,0.092,0.0,0.2326,0.1959,0.0622,0.0438,0.0207,0.0,0.0,0.0092,0.0622,0.0161,0.0023,0.0023,0.818,0.1071,0.2262,0.0626,0.0425,0.1163,0.1946,0.0962,0.2461,0.0067,0.1074,0.0268,0.0604,0.0336,0.0045,0.0022,0.0,0.0
RUS-T-18,RUS-T,32,2946,2421,479,313,77,811,243,169,4.278,4.0,1.693,237,79,9.085,6.221,36.247,6.0,1,17,34,0,0.6955,0.6955,129,0.5309,0.1111,128.1468,0.0103,7.144,0.3528,57.293,6.814,8.548,9.161,5.486,3.708,6,0.872,0.169231,0.4,0.076923,0.8791,0.033,0.3187,0.5824,0.033,0.022,0.0,0.2685,0.1148,0.1086,0.0313,0.0209,0.0,0.0,0.0209,0.0668,0.0313,0.0313,0.0292,0.818,0.1299,0.1948,0.0561,0.0802,0.0862,0.1824,0.1182,0.2184,0.004,0.1002,0.0441,0.0361,0.0341,0.018,0.01,0.012,0.0
RUS-T-19,RUS-T,32,5389,4541,806,487,92,1658,447,291,5.184,5.0,2.057,322,260,16.408,8.761,56.707,8.0,1,22,25,2,0.651,0.651,225,0.5034,0.0716,117.1455,0.0099,7.8217,0.3486,23.92,12.099,12.208,13.949,9.487,4.071,8,0.897,0.27381,0.512,0.095238,0.7572,0.0173,0.6763,0.1156,0.0231,0.0116,0.0,0.3896,0.098,0.0943,0.0273,0.0161,0.0,0.0,0.0025,0.0484,0.005,0.0,0.0,0.636,0.1413,0.2174,0.0541,0.0946,0.086,0.2125,0.1118,0.1892,0.0147,0.0995,0.0381,0.0541,0.0295,0.0123,0.0037,0.0,0.0
RUS-T-20,RUS-T,36,4403,3714,633,388,76,1262,374,234,5.022,5.0,1.994,256,182,14.832,8.329,56.237,8.0,2,18,18,0,0.6257,0.6257,183,0.4893,0.0856,369.2746,0.0345,7.2268,0.3776,29.689,11.188,11.476,15.146,10.369,3.887,6,0.902,0.338028,0.549,0.098592,0.7181,0.0134,0.6644,0.1812,0.0134,0.0067,0.0,0.5284,0.1406,0.1011,0.0,0.0095,0.0,0.0016,0.0032,0.0047,0.0474,0.0016,0.0016,0.818,0.0789,0.0,0.0684,0.0495,0.099,0.2169,0.0786,0.2067,0.0291,0.1004,0.0422,0.0626,0.0306,0.0116,0.0044,0.0,0.0
RUS-T-21,RUS-T,32,7900,6637,1210,686,111,2362,683,420,5.065,5.0,1.952,494,320,14.939,10.901,69.387,10.0,1,42,18,10,0.6149,0.6149,313,0.4583,0.0849,160.1474,0.0146,8.2122,0.3793,30.631,11.695,12.3,13.737,9.855,4.278,9,0.913,0.388889,0.657,0.166667,0.7119,0.0412,0.716,0.1317,0.0288,0.0041,0.0,0.2206,0.0934,0.1,0.0066,0.0008,0.0,0.0,0.0066,0.0289,0.0149,0.0033,0.0033,0.818,0.009,0.0721,0.0759,0.0404,0.1065,0.1961,0.0872,0.2341,0.0234,0.0791,0.0395,0.0783,0.0266,0.0089,0.004,0.0,0.0
RUS-T-22,RUS-T,22,2847,2331,464,275,78,861,233,141,4.466,4.0,1.856,213,100,11.0,5.949,35.038,5.5,0,25,39,1,0.6052,0.6052,108,0.4635,0.0858,563.3519,0.0521,6.526,0.4267,43.779,8.631,9.202,8.764,5.206,3.275,6,0.849,0.15942,0.522,0.217391,0.8229,0.0417,0.2292,0.4792,0.0625,0.0938,0.0,0.5152,0.0991,0.0733,0.0797,0.0129,0.0,0.0,0.0043,0.1056,0.0259,0.0,0.0,0.636,0.0769,0.4744,0.0417,0.0625,0.1062,0.2,0.0771,0.2125,0.0125,0.1146,0.0604,0.0708,0.0187,0.0083,0.0083,0.0063,0.0
RUS-T-23,RUS-T,56,19740,16626,3062,1435,274,6204,1551,836,5.063,5.0,2.026,1219,897,16.188,11.175,70.825,10.5,1,36,56,29,0.539,0.6175,596,0.3843,0.0741,96.3663,0.0086,9.1281,0.371,24.093,12.675,12.91,13.478,9.732,4.406,8,0.904,0.210145,0.525,0.105072,0.8377,0.0261,0.153,0.5896,0.0653,0.0037,0.0,0.2796,0.0745,0.1179,0.0062,0.0078,0.0036,0.0,0.0042,0.0,0.0111,0.0029,0.0029,0.818,0.0876,0.0693,0.0857,0.0074,0.0972,0.1713,0.0872,0.2464,0.046,0.1029,0.0444,0.0534,0.0358,0.0105,0.0118,0.0,0.0
RUS-T-24,RUS-T,39,5066,4252,740,461,105,1543,454,261,5.191,5.0,2.085,253,252,16.441,7.048,46.4,7.0,1,20,47,1,0.5749,0.5749,189,0.4163,0.0903,346.2956,0.0319,7.4161,0.3446,23.29,11.762,11.485,13.786,9.157,3.785,6,0.856,0.180851,0.415,0.095745,0.8182,0.028,0.6224,0.0699,0.0769,0.042,0.0,0.4228,0.1054,0.0811,0.0405,0.0203,0.0,0.0,0.0054,0.0459,0.0365,0.0014,0.0014,0.818,0.1429,0.2857,0.0885,0.0674,0.1083,0.1889,0.0766,0.2576,0.0211,0.0687,0.0317,0.0502,0.0185,0.0119,0.0066,0.004,0.0
RUS-T-25,RUS-T,24,2500,2103,353,264,54,760,233,172,5.368,5.0,2.153,105,124,16.666,6.537,44.407,6.0,2,15,23,0,0.7382,0.7382,145,0.6223,0.0472,117.9692,0.0098,7.1537,0.2805,18.056,12.365,11.3,14.702,9.898,3.667,5,0.885,0.104167,0.417,0.145833,0.8182,0.0303,0.6818,0.0758,0.0606,0.0455,0.0,0.5145,0.1331,0.0623,0.0482,0.0113,0.0,0.0,0.0057,0.1218,0.0085,0.0,0.0,0.636,0.0741,0.3148,0.0838,0.1089,0.081,0.1844,0.0866,0.2765,0.0196,0.0531,0.0279,0.0503,0.014,0.0028,0.0084,0.0028,0.0
RUS-T-26,RUS-T,32,2837,2415,413,316,55,796,262,202,5.131,5.0,1.927,170,105,13.173,7.509,49.691,7.0,1,20,18,2,0.771,0.771,164,0.626,0.0992,64.6995,0.005,7.4818,0.2785,36.189,10.077,10.568,14.641,9.866,4.17,7,0.892,0.207547,0.585,0.018868,0.8108,0.0405,0.4324,0.2838,0.1216,0.027,0.0,0.1698,0.1017,0.1404,0.0436,0.0073,0.0,0.0,0.0097,0.0024,0.0097,0.0121,0.0121,0.818,0.0545,0.3091,0.076,0.0736,0.1021,0.1758,0.0665,0.304,0.0166,0.0618,0.0261,0.0499,0.0261,0.0048,0.0119,0.0048,0.0
RUS-T-27,RUS-T,32,1506,1274,225,164,34,438,137,105,5.013,5.0,1.947,79,53,12.069,6.618,42.235,5.0,3,23,19,1,0.7664,0.7664,88,0.6423,0.0438,121.542,0.0093,6.5339,0.2933,35.402,9.966,9.838,13.021,8.548,3.519,6,0.897,0.37037,0.593,0.111111,0.7727,0.0227,0.3409,0.4318,0.0227,0.0909,0.0,0.1846,0.1111,0.1022,0.04,0.0044,0.0,0.0044,0.0044,0.0267,0.0089,0.0,0.0,0.727,0.0294,0.2647,0.0786,0.0218,0.1659,0.1921,0.083,0.262,0.0131,0.0568,0.0306,0.0524,0.0218,0.0,0.0218,0.0,0.0
RUS-T-28,RUS-T,32,4435,3727,606,391,100,1255,355,232,5.337,6.0,2.071,208,190,14.965,6.06,42.48,6.0,0,15,46,0,0.6535,0.6535,183,0.5155,0.093,281.1014,0.0259,7.3104,0.3548,25.477,11.211,10.55,15.478,10.567,3.59,6,0.877,0.156627,0.482,0.108434,0.7794,0.0221,0.5956,0.2059,0.0147,0.0368,0.0,0.4227,0.1073,0.0809,0.0693,0.0297,0.0,0.0,0.0066,0.137,0.0462,0.0066,0.0066,0.818,0.18,0.42,0.0497,0.0776,0.0963,0.2112,0.0668,0.2236,0.0171,0.1056,0.0497,0.0497,0.0233,0.0047,0.0062,0.0186,0.0
RUS-T-29,RUS-T,32,3845,3204,568,337,96,1108,327,207,4.857,5.0,1.951,230,157,13.423,5.917,38.115,5.0,0,16,53,0,0.633,0.633,163,0.4985,0.0734,277.7194,0.0251,7.1811,0.3592,35.775,9.739,10.004,12.365,8.097,3.157,6,0.754,0.156863,0.382,0.117647,0.7398,0.0244,0.6992,0.1707,0.0244,0.0244,0.0,0.3543,0.162,0.0704,0.0863,0.0106,0.0018,0.0,0.0053,0.1092,0.0317,0.0035,0.0035,0.909,0.0625,0.5,0.0487,0.0403,0.1007,0.2064,0.0889,0.2534,0.0151,0.1023,0.0386,0.0688,0.0218,0.0084,0.0,0.0067,0.0
RUS-T-30,RUS-T,40,3297,2789,499,336,51,1009,250,171,5.044,5.0,2.022,194,158,16.579,9.784,62.686,9.0,2,31,12,2,0.684,0.684,130,0.52,0.108,182.2783,0.0156,7.0927,0.3467,25.843,12.085,12.641,14.039,9.787,4.32,9,0.907,0.14,0.5,0.16,0.7952,0.0361,0.6747,0.0602,0.0361,0.012,0.0,0.2254,0.1263,0.0962,0.014,0.004,0.0,0.0,0.006,0.01,0.012,0.012,0.012,0.818,0.0392,0.1373,0.1018,0.0959,0.0665,0.1624,0.092,0.182,0.0274,0.1076,0.0391,0.0607,0.0391,0.0215,0.0039,0.0,0.0
RUS-T-31,RUS-T,32,462,375,85,58,25,130,27,23,3.776,3.0,1.529,53,12,7.007,3.4,17.52,3.0,1,7,23,0,0.8519,0.8519,22,0.8148,0.0,453.6862,0.0395,4.3249,0.5765,74.031,3.778,0.0,1.435,1.049,2.72,4,0.758,0.04,0.12,0.0,0.9231,0.0,0.4615,0.3077,0.0,0.0769,0.0,0.3333,0.1059,0.0706,0.0941,0.1412,0.0,0.0,0.0,0.0235,0.0235,0.0,0.0,0.545,0.48,0.32,0.0,0.0575,0.2069,0.1494,0.092,0.1494,0.0,0.1724,0.1264,0.0115,0.023,0.0,0.0,0.0115,0.0
RUS-T-32,RUS-T,24,8004,6690,1240,734,117,2470,692,453,4.994,5.0,1.992,498,359,15.82,10.598,67.419,8.0,1,100,31,13,0.6546,0.6546,321,0.4639,0.1214,108.5235,0.0097,8.4611,0.3532,27.555,12.049,12.594,13.131,9.28,4.162,13,0.891,0.17094,0.581,0.08547,0.6885,0.0492,0.5355,0.2022,0.0437,0.0492,0.0,0.3135,0.0895,0.1,0.0226,0.0056,0.0,0.0024,0.0048,0.05,0.0105,0.0016,0.0016,0.909,0.0598,0.2393,0.0941,0.0553,0.0964,0.1447,0.1146,0.2498,0.0221,0.0814,0.0348,0.0648,0.0261,0.0079,0.0071,0.0008,0.0
RUS-T-33,RUS-T,26,7628,6281,1184,517,166,2258,595,254,4.765,5.0,1.907,497,301,13.022,7.133,44.958,6.0,1,20,69,1,0.4269,0.4269,167,0.2807,0.0588,689.2864,0.0639,7.1734,0.4113,38.263,9.694,10.375,11.243,7.123,3.514,8,0.866,0.16185,0.387,0.086705,0.8354,0.0,0.4938,0.3004,0.037,0.0247,0.0,0.3715,0.1047,0.1275,0.022,0.0372,0.0,0.0,0.0051,0.0025,0.0549,0.0025,0.0025,0.818,0.2651,0.1566,0.0511,0.0379,0.103,0.2002,0.0675,0.2282,0.0189,0.1334,0.0634,0.0478,0.0354,0.0091,0.0025,0.0008,0.0008
RUS-T-34,RUS-T,32,2336,1957,369,263,39,716,209,154,4.9,5.0,1.94,146,98,14.408,9.462,58.923,8.0,2,23,6,2,0.7368,0.7368,136,0.6507,0.0383,227.2727,0.0205,6.8478,0.3713,33.107,10.992,11.682,12.256,8.281,4.026,7,0.899,0.205128,0.564,0.102564,0.6712,0.0411,0.726,0.137,0.0,0.0,0.0,0.3559,0.1355,0.1165,0.0054,0.0027,0.0,0.0,0.0,0.0163,0.0136,0.0108,0.0108,0.727,0.0256,0.0513,0.0501,0.0475,0.0897,0.1926,0.1003,0.2639,0.0317,0.0844,0.0237,0.058,0.029,0.0185,0.0106,0.0,0.0
RUS-T-35,RUS-T,31,3071,2563,473,268,68,921,282,143,5.095,5.0,1.947,186,129,13.691,6.956,44.176,6.0,1,16,23,0,0.5071,0.5071,96,0.3404,0.078,601.9854,0.0538,6.5891,0.3129,35.058,10.097,10.544,11.806,7.57,3.493,8,0.865,0.115942,0.319,0.057971,0.7826,0.0109,0.6848,0.0978,0.0326,0.0,0.0,0.396,0.1205,0.0677,0.0423,0.0021,0.0,0.0,0.0042,0.055,0.0148,0.0,0.0,0.636,0.0147,0.2941,0.0737,0.08,0.0905,0.1937,0.0968,0.2337,0.0168,0.0758,0.0379,0.04,0.0274,0.0147,0.0168,0.0021,0.0
RUS-T-36,RUS-T,32,2223,1827,337,245,66,617,197,148,4.813,5.0,1.831,156,78,11.301,5.106,32.697,4.0,1,19,41,0,0.7513,0.7513,126,0.6396,0.0761,202.2462,0.0181,6.8581,0.3531,46.75,8.007,8.954,10.281,6.658,2.939,4,0.845,0.106061,0.227,0.075758,0.7949,0.0,0.5641,0.2821,0.0513,0.0,0.0,0.3579,0.1899,0.0861,0.0356,0.0208,0.0,0.0,0.0,0.1632,0.0148,0.0,0.0,0.545,0.1061,0.1818,0.072,0.0288,0.0893,0.2248,0.0634,0.245,0.0058,0.1354,0.0432,0.0403,0.0317,0.0086,0.0115,0.0,0.0
RUS-T-37,RUS-T,52,5574,4630,869,515,136,1621,481,302,4.78,5.0,1.865,388,216,12.498,6.39,39.993,6.0,0,20,62,1,0.6279,0.6279,239,0.4969,0.0769,260.4052,0.0242,7.6331,0.3636,42.57,8.909,9.903,10.896,6.86,3.453,7,0.852,0.167883,0.394,0.124088,0.6976,0.0195,0.6488,0.078,0.0439,0.0293,0.0,0.3522,0.1312,0.0978,0.0518,0.0161,0.0,0.0,0.0081,0.0656,0.023,0.0046,0.0035,0.818,0.1029,0.3309,0.0444,0.0756,0.0778,0.2278,0.1,0.1989,0.0256,0.0911,0.0678,0.0467,0.0278,0.0089,0.0011,0.0067,0.0
RUS-T-38,RUS-T,32,3499,2945,514,320,90,1026,284,179,5.047,5.0,1.996,216,147,13.724,5.711,37.889,4.0,1,21,52,1,0.6303,0.6303,138,0.4859,0.0704,311.1638,0.028,6.9962,0.3268,32.177,10.19,10.0,12.707,8.412,3.179,8,0.805,0.126316,0.432,0.189474,0.7579,0.0316,0.6842,0.1368,0.0211,0.0526,0.0,0.2331,0.251,0.1031,0.0447,0.0175,0.0019,0.0,0.0019,0.0292,0.0175,0.0078,0.0078,0.909,0.1,0.2556,0.0528,0.0491,0.0698,0.1792,0.0981,0.2585,0.0264,0.0906,0.034,0.0906,0.017,0.0132,0.0132,0.0038,0.0038
RUS-T-39,RUS-T,32,3681,3125,527,374,61,1126,303,238,5.446,5.0,2.137,198,185,17.497,8.639,59.361,8.0,1,26,17,3,0.7855,0.7855,200,0.6601,0.099,66.203,0.0055,7.6758,0.3245,17.276,12.996,12.539,15.641,10.819,3.841,9,0.87,0.190476,0.492,0.174603,0.735,0.0513,0.6752,0.1111,0.0342,0.0085,0.0,0.2143,0.1252,0.1233,0.0152,0.0114,0.0,0.0,0.0057,0.0436,0.0152,0.0057,0.0057,0.818,0.0984,0.1311,0.1107,0.0351,0.0812,0.2159,0.0756,0.2232,0.024,0.0775,0.0332,0.0664,0.0424,0.0074,0.0074,0.0,0.0
RUS-T-40,RUS-T,32,4639,3886,719,419,64,1491,392,247,5.092,5.0,2.074,291,238,17.734,11.234,71.5,9.0,2,28,6,6,0.6301,0.6301,195,0.4974,0.0765,327.0009,0.0304,7.3493,0.4228,19.972,13.264,13.562,13.345,9.643,4.145,8,0.901,0.217391,0.406,0.144928,0.7769,0.0231,0.1538,0.5462,0.0154,0.0231,0.0,0.3932,0.0723,0.0834,0.0362,0.0125,0.0,0.0,0.0111,0.032,0.0056,0.0014,0.0014,0.818,0.1406,0.4062,0.077,0.0468,0.0757,0.1788,0.1265,0.2366,0.0316,0.0825,0.0674,0.0454,0.0206,0.0069,0.0041,0.0,0.0
RUS-T-41,RUS-T,32,2951,2473,458,303,58,897,242,167,4.806,5.0,1.959,185,121,13.726,7.897,49.897,7.0,1,25,15,1,0.6901,0.6901,136,0.562,0.0702,229.1226,0.0203,6.9838,0.4279,33.088,10.606,10.911,12.201,7.95,3.679,6,0.872,0.178571,0.482,0.125,0.7534,0.0137,0.5068,0.274,0.0274,0.0685,0.0,0.3857,0.1223,0.0721,0.048,0.0066,0.0,0.0,0.0066,0.0109,0.0109,0.0022,0.0022,0.818,0.0517,0.3448,0.0687,0.0386,0.0644,0.1567,0.1309,0.2618,0.015,0.088,0.0579,0.0536,0.0536,0.0086,0.0,0.0021,0.0
RUS-T-42,RUS-T,26,5410,4502,838,447,120,1578,431,236,4.883,5.0,1.883,374,210,12.817,6.983,44.092,6.0,1,21,51,2,0.5476,0.5476,169,0.3921,0.0928,388.7173,0.0355,7.241,0.3711,40.445,9.353,10.246,11.551,7.365,3.376,7,0.868,0.196581,0.402,0.17094,0.7606,0.0141,0.5869,0.1549,0.0376,0.0469,0.0,0.4778,0.1181,0.0859,0.0632,0.0191,0.0,0.0,0.0048,0.0048,0.0346,0.0072,0.006,0.818,0.1333,0.4,0.0474,0.0301,0.0994,0.2462,0.0694,0.178,0.0231,0.1399,0.0659,0.0613,0.0185,0.0092,0.0023,0.0058,0.0035
RUS-T-43,RUS-T,32,3200,2659,509,353,59,917,305,243,4.666,5.0,1.802,232,112,12.252,8.627,53.254,7.0,2,45,21,3,0.7967,0.7967,220,0.7213,0.0393,72.8209,0.0063,7.653,0.3399,45.629,9.038,10.546,11.486,7.488,3.762,10,0.864,0.238095,0.603,0.174603,0.8462,0.022,0.5934,0.2088,0.0549,0.0769,0.0,0.3611,0.1532,0.1238,0.0511,0.0118,0.0,0.0,0.0118,0.0216,0.0118,0.0098,0.0098,0.818,0.1017,0.4407,0.0576,0.0749,0.0672,0.1747,0.0902,0.2706,0.0173,0.0787,0.0365,0.0768,0.023,0.0,0.0326,0.0,0.0
RUS-T-44,RUS-T,32,2506,2074,398,256,51,742,231,139,4.814,5.0,1.864,150,76,10.76,7.804,48.157,6.0,3,28,25,2,0.6017,0.6017,100,0.4329,0.0779,332.2809,0.0287,6.7092,0.3719,41.22,9.449,9.686,11.048,7.016,3.569,7,0.874,0.098039,0.373,0.137255,0.6393,0.082,0.5902,0.2787,0.0,0.0492,0.0,0.2368,0.1256,0.1005,0.005,0.0,0.0,0.0,0.0075,0.0704,0.0101,0.0,0.0,0.545,0.0,0.0392,0.1133,0.0172,0.1232,0.1502,0.0911,0.2635,0.0246,0.0788,0.0345,0.0493,0.0369,0.0049,0.0123,0.0,0.0
RUS-T-45,RUS-T,40,1613,1355,254,174,61,501,118,89,4.835,5.0,1.972,113,78,13.949,4.164,25.459,4.0,0,16,48,0,0.7542,0.7542,72,0.6102,0.1102,200.7322,0.0166,6.2416,0.4409,35.777,9.304,9.194,8.459,5.778,2.738,5,0.786,0.032787,0.41,0.262295,0.8056,0.0278,0.1389,0.5,0.0,0.0278,0.0,0.3043,0.1496,0.0787,0.0787,0.063,0.0,0.0,0.0039,0.0039,0.0276,0.0,0.0,0.636,0.2623,0.3279,0.0868,0.0604,0.0792,0.1358,0.083,0.2,0.0189,0.1094,0.0755,0.0868,0.0453,0.0038,0.0113,0.0038,0.0
RUS-T-46,RUS-T,26,5407,4508,844,532,101,1655,507,323,4.95,5.0,1.961,312,215,13.532,8.356,52.545,8.0,2,25,30,2,0.6371,0.6371,249,0.4911,0.075,127.8647,0.0111,7.9195,0.3412,32.453,10.809,10.991,12.064,7.905,3.721,7,0.884,0.230769,0.51,0.125,0.76,0.0114,0.6629,0.12,0.0343,0.0171,0.0,0.3306,0.1078,0.0995,0.0095,0.013,0.0,0.0,0.0059,0.0012,0.0249,0.0012,0.0012,0.818,0.1089,0.0792,0.0718,0.0521,0.081,0.2025,0.1019,0.235,0.0255,0.0845,0.0382,0.0683,0.0208,0.0104,0.0081,0.0,0.0
RUS-T-47,RUS-T,44,2156,1811,341,226,68,675,159,102,4.912,5.0,1.979,137,91,12.68,5.015,30.721,4.0,1,24,44,1,0.6415,0.6415,72,0.4528,0.1195,272.0108,0.0219,6.3907,0.393,34.321,9.718,9.336,9.525,6.092,3.072,6,0.812,0.028986,0.348,0.057971,0.6727,0.0182,0.1091,0.2909,0.2182,0.0364,0.0,0.2169,0.1408,0.1026,0.0528,0.0088,0.0,0.0,0.0,0.0,0.0117,0.0,0.0,0.455,0.0441,0.25,0.0951,0.0576,0.1009,0.1585,0.0576,0.1816,0.0231,0.1758,0.0548,0.049,0.0317,0.0086,0.0029,0.0029,0.0
RUS-T-48,RUS-T,32,1133,962,166,133,20,366,106,82,5.464,5.0,2.205,59,60,17.778,8.3,55.7,7.5,3,17,6,0,0.7736,0.7736,73,0.6887,0.0472,264.7234,0.0232,6.0451,0.2952,11.868,13.666,0.0,14.709,10.015,3.7,5,0.888,0.2,0.55,0.1,0.7179,0.0256,0.6667,0.0769,0.0513,0.0256,0.0,0.4082,0.1988,0.0843,0.012,0.0,0.0,0.0,0.0,0.0361,0.0,0.0,0.0,0.364,0.0,0.1,0.1024,0.0422,0.0723,0.2349,0.0964,0.253,0.006,0.0723,0.012,0.0783,0.0241,0.006,0.0,0.0,0.0
RUS-T-49,RUS-T,24,526,436,81,67,13,163,41,34,4.889,5.0,2.012,35,26,15.332,6.231,39.538,7.0,1,10,4,0,0.8293,0.8293,30,0.7317,0.0732,285.4671,0.0232,4.928,0.4198,30.295,10.582,0.0,11.1,7.038,3.071,4,0.833,0.142857,0.143,0.0,1.0,0.0,0.4667,0.1333,0.0667,0.0667,0.0,0.1852,0.1728,0.0123,0.0494,0.0123,0.0,0.0,0.0,0.0741,0.0,0.0,0.0,0.455,0.0769,0.3077,0.0238,0.0952,0.0595,0.1786,0.1905,0.2262,0.0,0.131,0.0357,0.0119,0.0238,0.0,0.0,0.0,0.0238
RUS-T-50,RUS-T,32,2837,2402,408,278,70,844,243,160,5.304,5.0,2.069,151,129,14.978,5.829,39.543,5.0,1,25,38,1,0.6584,0.6584,124,0.5103,0.0905,276.9531,0.0246,6.8907,0.3358,25.881,11.098,10.435,13.739,9.213,3.229,7,0.824,0.042857,0.257,0.1,0.814,0.0,0.6395,0.1512,0.0581,0.0581,0.0,0.375,0.1103,0.076,0.0931,0.0049,0.0049,0.0,0.0049,0.0417,0.0221,0.0613,0.0613,0.909,0.0286,0.5286,0.0719,0.0552,0.0863,0.2062,0.0719,0.2518,0.0336,0.0959,0.0384,0.0408,0.0312,0.0072,0.0024,0.0048,0.0024
